City_ID,City,Country,Date,Lat,Lng,Max Temp,Humidity,Cloudiness,Wind Speed
0,Rio Grande,BR,2022-09-12 08:56:58,-32.035,-52.0986,55.02,92,73,7.02
1,Aasiaat,GL,2022-09-12 08:58:23,68.7098,-52.8699,39.92,95,100,16.46
2,Havelock,US,2022-09-12 08:57:02,34.8791,-76.9013,82.35,89,70,6.04
3,Arraial Do Cabo,BR,2022-09-12 08:58:24,-22.9661,-42.0278,66.81,76,100,8.61
4,Ribeira Grande,PT,2022-09-12 08:58:24,38.5167,-28.7,72.0,78,20,11.5
5,Agadir,MA,2022-09-12 08:58:24,30.4202,-9.5982,66.65,71,99,3.29
6,Itarema,BR,2022-09-12 08:58:25,-2.9248,-39.9167,77.72,79,88,15.03
7,Atar,MR,2022-09-12 08:58:25,20.5169,-13.0499,93.25,38,59,7.0
8,French Harbor,HN,2022-09-12 08:58:25,16.35,-86.4333,82.08,90,100,16.53
9,Pangnirtung,CA,2022-09-12 08:58:26,66.1451,-65.7125,40.98,99,100,4.61
10,Bredasdorp,ZA,2022-09-12 08:58:26,-34.5322,20.0403,60.17,45,23,9.4
11,Brus,RS,2022-09-12 08:58:26,43.3836,21.0336,65.44,58,30,7.4
12,Male,MV,2022-09-12 08:58:27,4.1748,73.5089,85.95,74,40,12.66
13,San Cristobal,VE,2022-09-12 08:58:27,7.7669,-72.225,63.59,90,48,1.28
14,Kruisfontein,ZA,2022-09-12 08:58:27,-34.0033,24.7314,58.89,56,31,17.07
15,Tanabi,BR,2022-09-12 08:58:28,-20.6264,-49.6492,64.62,70,1,9.24
16,Matay,EG,2022-09-12 08:58:28,28.419,30.7792,91.9,31,0,12.62
17,Ilulissat,GL,2022-09-12 08:58:28,69.2167,-51.1,38.97,95,100,5.64
18,Busselton,AU,2022-09-12 08:58:29,-33.65,115.3333,61.38,90,72,13.73
19,Berlevag,NO,2022-09-12 08:58:29,70.8578,29.0864,42.75,87,75,12.66
20,Hermanus,ZA,2022-09-12 08:58:29,-34.4187,19.2345,60.8,54,58,7.0
21,Warrington,GB,2022-09-12 08:58:30,53.3925,-2.5802,65.79,95,75,9.22
22,Tosya,TR,2022-09-12 08:58:30,41.0155,34.0401,79.47,39,18,2.3
23,Saint-Joseph,RE,2022-09-12 08:58:30,-21.3667,55.6167,77.11,70,28,11.59
24,Ushuaia,AR,2022-09-12 08:58:31,-54.8,-68.3,37.06,70,0,8.05
25,Bengkulu,ID,2022-09-12 08:58:31,-3.8004,102.2655,82.94,67,54,6.13
26,Salamanca,ES,2022-09-12 08:58:31,40.8333,-6.0,74.62,43,100,16.6
27,Dikson,RU,2022-09-12 08:58:32,73.5069,80.5464,39.4,71,90,22.84
28,Gweta,BW,2022-09-12 08:58:32,-20.1833,25.2333,88.03,6,0,6.08
29,Ponta Do Sol,PT,2022-09-12 08:58:32,32.6667,-17.1,77.0,85,100,13.82
30,Namibe,AO,2022-09-12 08:58:33,-15.1961,12.1522,63.23,88,75,0.0
31,Port Alfred,ZA,2022-09-12 08:54:13,-33.5906,26.891,63.18,75,48,5.01
32,Iracoubo,GF,2022-09-12 08:58:33,5.4802,-53.2011,76.23,87,14,5.12
33,Riyadh,SA,2022-09-12 08:57:59,24.6877,46.7219,107.74,7,6,3.74
34,Malinovoye Ozero,RU,2022-09-12 08:58:34,51.6753,79.7825,55.56,56,99,13.94
35,Lagoa,PT,2022-09-12 08:58:34,39.05,-27.9833,71.71,78,97,21.7
36,Balurghat,IN,2022-09-12 08:58:34,25.2167,88.7667,77.47,90,100,13.47
37,Beremend,HU,2022-09-12 08:57:18,45.7911,18.4326,68.25,45,2,12.41
38,Longyearbyen,SJ,2022-09-12 08:58:35,78.2186,15.6401,35.44,87,75,2.3
39,San Rafael,AR,2022-09-12 08:58:35,-34.6177,-68.3301,49.48,33,4,5.7
40,Jamestown,US,2022-09-12 08:58:35,42.097,-79.2353,68.02,74,100,3.44
41,Hithadhoo,MV,2022-09-12 08:58:36,-0.6,73.0833,82.62,69,2,11.5
42,Punta Arenas,CL,2022-09-12 08:58:36,-53.15,-70.9167,33.91,80,40,8.05
43,Chuy,UY,2022-09-12 08:58:36,-33.6971,-53.4616,49.28,92,76,3.47
44,Narasannapeta,IN,2022-09-12 08:59:37,18.4167,84.05,85.06,77,100,21.07
45,Tsabong,BW,2022-09-12 08:59:37,-26.0217,22.401,74.98,13,8,12.97
46,Luderitz,NA,2022-09-12 08:59:37,-26.6481,15.1594,71.47,35,91,21.07
47,Marabba,SD,2022-09-12 08:59:37,12.35,32.1833,89.04,49,74,13.13
48,Tasiilaq,GL,2022-09-12 08:59:38,65.6145,-37.6368,38.12,61,39,10.83
49,Yabrud,SY,2022-09-12 08:59:38,33.9674,36.6574,82.81,13,0,6.33
50,Georgetown,MY,2022-09-12 08:58:19,5.4112,100.3354,87.73,74,40,8.05
51,Victoria,HK,2022-09-12 08:57:12,22.2855,114.1577,99.18,66,6,9.04
52,Souillac,MU,2022-09-12 08:59:38,-20.5167,57.5167,77.38,61,40,11.5
53,Beloha,MG,2022-09-12 08:59:39,-25.1667,45.05,90.12,16,0,5.5
54,Skjervoy,NO,2022-09-12 08:59:39,70.0311,20.9714,44.6,69,100,8.21
55,Bandarbeyla,SO,2022-09-12 08:59:39,9.4942,50.8122,89.89,49,100,23.42
56,Cape Town,ZA,2022-09-12 08:58:48,-33.9258,18.4232,63.12,52,40,6.91
57,Tsiroanomandidy,MG,2022-09-12 08:59:40,-18.7667,46.0333,84.02,17,61,4.52
58,Belyy Yar,RU,2022-09-12 08:59:40,53.6039,91.3903,64.85,59,0,11.18
59,Padang,ID,2022-09-12 08:55:32,-0.9492,100.3543,87.85,81,92,4.05
60,Sumbe,AO,2022-09-12 08:59:41,-11.2061,13.8437,74.43,72,10,5.53
61,Strezhevoy,RU,2022-09-12 08:59:41,60.7333,77.5889,51.64,47,80,11.1
62,Antofagasta,CL,2022-09-12 08:59:41,-23.65,-70.4,56.48,81,65,5.99
63,Ushtobe,KZ,2022-09-12 08:59:42,45.2514,77.9838,73.6,18,0,10.76
64,Korla,CN,2022-09-12 08:59:42,41.7597,86.1469,91.76,11,100,5.3
65,Klaksvik,FO,2022-09-12 08:59:42,62.2266,-6.589,50.92,92,100,11.18
66,Thompson,CA,2022-09-12 08:59:43,55.7435,-97.8558,48.36,76,75,4.61
67,Saldanha,ZA,2022-09-12 08:59:43,-33.0117,17.9442,60.85,61,0,16.26
68,Los Llanos De Aridane,ES,2022-09-12 08:59:43,28.6585,-17.9182,72.12,89,20,3.44
69,Harper,LR,2022-09-12 08:59:44,4.375,-7.7169,76.15,85,99,9.69
70,Laguna,US,2022-09-12 08:59:44,38.421,-121.4238,78.08,49,20,4.61
71,Praia Da Vitoria,PT,2022-09-12 08:59:44,38.7333,-27.0667,71.76,94,75,20.92
72,East London,ZA,2022-09-12 08:57:42,-33.0153,27.9116,61.74,67,20,17.27
73,Vilcun,CL,2022-09-12 08:59:45,-38.65,-72.2333,32.74,97,98,2.06
74,Codrington,AU,2022-09-12 08:59:45,-38.2667,141.9667,45.48,66,9,8.08
75,Qaanaaq,GL,2022-09-12 08:59:46,77.484,-69.3632,36.81,98,100,7.14
76,Bud,US,2022-09-12 08:59:46,39.447,-86.1758,60.82,98,4,6.08
77,Kalmunai,LK,2022-09-12 08:59:46,7.4167,81.8167,86.97,62,17,14.0
78,Laje,BR,2022-09-12 08:59:46,-10.1833,-40.9667,65.21,84,68,9.04
79,Kodinar,IN,2022-09-12 08:59:47,20.7903,70.7031,84.85,76,100,9.31
80,Sao Borja,BR,2022-09-12 08:59:47,-28.6606,-56.0044,47.95,78,78,4.59
81,Yarmouth,US,2022-09-12 08:59:47,41.7057,-70.2286,66.97,95,100,1.01
82,Sapucaia,BR,2022-09-12 08:59:48,-29.8333,-51.15,54.03,84,0,8.05
83,Natal,BR,2022-09-12 08:59:48,-5.795,-35.2094,73.62,94,40,5.75
84,Panguipulli,CL,2022-09-12 08:59:48,-39.6333,-72.3333,40.24,99,61,2.37
85,Forio,IT,2022-09-12 08:59:49,40.7342,13.8646,78.53,63,0,1.99
86,Kyzyl-Suu,KG,2022-09-12 08:59:49,42.3414,78.0056,58.42,64,93,8.01
87,Madaoua,NE,2022-09-12 08:59:49,14.073,5.96,84.63,61,64,9.06
88,Zaraza,VE,2022-09-12 09:00:50,9.3503,-65.3245,71.91,95,98,2.37
89,Luau,AO,2022-09-12 09:00:50,-10.7073,22.2247,90.1,24,0,3.31
90,Tshikapa,CD,2022-09-12 09:00:50,-6.4167,20.8,85.08,53,76,5.1
91,Yenagoa,NG,2022-09-12 09:00:51,4.9247,6.2642,77.45,87,86,4.45
92,Kasane,BW,2022-09-12 09:00:51,-17.8167,25.15,90.37,11,0,5.26
93,Mvuma,ZW,2022-09-12 09:00:51,-19.2792,30.5283,86.7,13,0,2.8
94,Narsaq,GL,2022-09-12 09:00:52,60.9167,-46.05,41.22,90,82,2.26
95,Cassilandia,BR,2022-09-12 09:00:52,-19.1133,-51.7342,72.36,53,54,2.71
96,Fairmont,US,2022-09-12 08:59:13,39.4851,-80.1426,69.17,97,100,3.51
97,Paris,FR,2022-09-12 08:58:15,48.8534,2.3488,69.53,77,20,4.61
98,Mar Del Plata,AR,2022-09-12 09:00:28,-38.0023,-57.5575,49.87,76,100,3.0
99,Sangmelima,CM,2022-09-12 09:00:53,2.9333,11.9833,75.24,73,92,3.36
100,Lamu,KE,2022-09-12 09:00:54,-2.2717,40.902,82.62,64,18,12.39
101,Yafran,LY,2022-09-12 09:00:54,32.0633,12.5286,86.86,26,0,1.59
102,Grand-Santi,GF,2022-09-12 09:00:55,4.25,-54.3833,70.66,99,42,1.97
103,Cutler,US,2022-09-12 09:00:55,25.6151,-80.3106,79.99,89,0,0.0
104,Kuytun,RU,2022-09-12 09:00:55,54.3419,101.5036,64.33,61,100,13.6
105,Manaure,CO,2022-09-12 09:00:56,11.7751,-72.4445,82.31,76,37,8.14
106,Estelle,US,2022-09-12 09:00:56,29.8458,-90.1067,75.99,92,3,5.66
107,Masuguru,TZ,2022-09-12 09:00:56,-11.3667,38.4167,91.04,27,12,4.05
108,Carnarvon,AU,2022-09-12 09:00:57,-24.8667,113.6333,70.97,64,13,16.33
109,Primorsk,UA,2022-09-12 09:00:57,46.7348,36.3443,72.05,55,100,7.18
110,Abapo,BO,2022-09-12 09:00:58,-18.8333,-63.4667,56.75,59,80,3.91
111,Nanortalik,GL,2022-09-12 09:00:58,60.1432,-45.2371,42.8,93,98,9.84
112,Olafsvik,IS,2022-09-12 08:57:17,64.8945,-23.7142,49.69,77,100,14.58
113,Stornoway,GB,2022-09-12 09:00:59,58.2093,-6.3865,54.93,89,75,11.5
114,Vacaria,BR,2022-09-12 08:59:35,-28.5122,-50.9339,49.68,85,100,10.16
115,Santa Marta De Tormes,ES,2022-09-12 09:00:59,40.9506,-5.6272,74.86,31,0,10.0
116,Bela Vista De Goias,BR,2022-09-12 09:01:00,-16.9728,-48.9533,70.63,31,15,4.23
117,Kudahuvadhoo,MV,2022-09-12 09:01:00,2.6708,72.8944,82.08,73,24,12.06
118,Sistranda,NO,2022-09-12 09:01:01,63.7256,8.834,53.56,74,100,15.12
119,Ibipeba,BR,2022-09-12 09:01:02,-11.6408,-42.0111,62.71,81,91,10.45
120,Nantucket,US,2022-09-12 09:01:03,41.2835,-70.0995,66.31,45,100,1.12
121,Mahebourg,MU,2022-09-12 09:01:03,-20.4081,57.7,77.25,63,3,12.53
122,Horta,PT,2022-09-12 09:01:04,38.5333,-28.6333,71.24,78,20,11.5
123,Rawson,AR,2022-09-12 09:01:04,-43.3002,-65.1023,48.92,70,60,13.04
124,Requena,ES,2022-09-12 09:01:05,39.4883,-1.1004,72.52,37,100,4.05
125,Kindu,CD,2022-09-12 09:01:05,-2.95,25.95,84.78,58,86,3.67
126,Abu Samrah,SY,2022-09-12 09:01:05,35.3029,37.1841,90.48,22,0,7.92
127,Sabha,LY,2022-09-12 09:01:06,27.0377,14.4283,91.53,16,0,6.31
128,Sovetskiy,RU,2022-09-12 09:01:06,61.3614,63.5842,55.22,49,64,8.72
129,Colares,PT,2022-09-12 09:01:06,38.7992,-9.4469,72.34,86,75,20.0
130,Soyo,AO,2022-09-12 09:01:07,-6.1349,12.3689,76.5,73,78,5.68
131,Chandbali,IN,2022-09-12 09:02:07,20.7833,86.7667,82.94,82,100,18.7
132,Salalah,OM,2022-09-12 09:02:07,17.0151,54.0924,83.57,79,81,11.63
133,Vila Velha,BR,2022-09-12 09:02:08,-20.3297,-40.2925,67.95,82,99,1.99
134,Zlitan,LY,2022-09-12 09:02:08,32.4674,14.5687,85.8,51,0,7.76
135,Tingo Maria,PE,2022-09-12 09:02:08,-9.2895,-76.0088,67.37,89,100,2.04
136,Chapais,CA,2022-09-12 09:02:09,49.7834,-74.8492,58.78,96,99,3.42
137,Kibala,TD,2022-09-12 09:02:09,9.1104,18.3463,82.38,74,70,4.99
138,Paita,PE,2022-09-12 09:02:09,-5.0892,-81.1144,61.11,86,36,12.35
139,Fulton,US,2022-09-12 09:02:10,33.7668,-84.4499,70.5,89,20,4.61
140,Xambioa,BR,2022-09-12 09:02:10,-6.4111,-48.5364,77.67,42,37,2.82
141,Muros,ES,2022-09-12 09:02:10,42.7762,-9.0603,71.69,92,100,12.37
142,Farah,AF,2022-09-12 09:02:11,32.5,62.5,86.68,12,0,10.89
143,Rensvik,NO,2022-09-12 09:02:11,63.1,7.8167,53.87,71,75,5.75
144,Dubti,ET,2022-09-12 09:02:11,11.7361,41.0853,98.04,28,44,7.96
145,Moose Factory,CA,2022-09-12 09:02:12,51.2585,-80.6094,49.87,90,16,5.35
146,Berezovka,BY,2022-09-12 09:02:12,53.7214,25.4993,51.82,93,100,7.96
147,Husavik,IS,2022-09-12 09:02:12,66.0449,-17.3389,49.15,83,100,6.8
148,Saint-Philippe,RE,2022-09-12 09:02:13,-21.3585,55.7679,78.12,72,38,12.82
149,Bongandanga,CD,2022-09-12 09:02:13,1.5,21.05,76.35,75,99,4.0
150,Dordrecht,NL,2022-09-12 09:02:13,51.81,4.6736,70.99,76,87,7.25
151,Iqaluit,CA,2022-09-12 09:02:14,63.7506,-68.5145,42.53,86,100,5.75
152,Teguldet,RU,2022-09-12 09:02:14,57.3064,88.1667,42.94,92,100,8.32
153,Ares,BR,2022-09-12 09:02:15,-6.1944,-35.1603,73.38,80,66,8.28
154,Lodja,CD,2022-09-12 09:02:15,-3.4833,23.4333,88.2,47,26,4.79
155,Ostrovnoy,RU,2022-09-12 09:02:15,68.0531,39.5131,48.6,91,100,6.78
156,Fiche,ET,2022-09-12 09:02:16,9.8,38.7333,62.29,62,10,5.28
157,Jacqueville,CI,2022-09-12 09:02:16,5.2052,-4.4146,74.73,86,97,10.29
158,Kasongo-Lunda,CD,2022-09-12 09:02:16,-6.4667,16.8167,84.87,53,77,1.86
159,Chulumani,BO,2022-09-12 09:02:17,-16.4096,-67.5263,59.56,84,91,2.26
160,Sorland,NO,2022-09-12 09:02:17,67.667,12.6934,51.66,82,100,5.99
161,Moba,CN,2022-09-12 09:02:17,33.2288,105.0179,66.69,71,91,4.79
162,Guhagar,IN,2022-09-12 09:02:18,17.4842,73.1929,80.73,91,100,16.55
163,Saint Anthony,US,2022-09-12 09:02:18,45.0205,-93.218,55.22,89,0,4.61
164,General Pico,AR,2022-09-12 08:58:34,-35.6566,-63.7568,42.48,44,56,6.53
165,Nizwa,OM,2022-09-12 09:02:18,22.9333,57.5333,103.26,17,98,8.01
166,Pascagoula,US,2022-09-12 09:02:19,30.3658,-88.5561,77.04,97,26,4.74
167,Mercedes,AR,2022-09-12 09:02:19,-34.6515,-59.4307,40.78,81,4,1.92
168,Nicosia,CY,2022-09-12 09:02:19,35.1667,33.3667,87.49,48,20,0.0
169,Veraval,IN,2022-09-12 09:01:34,20.9,70.3667,84.02,80,98,11.23
170,Grindavik,IS,2022-09-12 09:02:20,63.8424,-22.4338,46.87,93,0,11.5
171,Ambanja,MG,2022-09-12 09:02:20,-13.6833,48.45,83.08,51,67,8.59
172,Libreville,GA,2022-09-12 09:02:20,0.3925,9.4537,78.82,69,93,7.11
173,Areka,ET,2022-09-12 09:02:21,7.0667,37.7,69.46,75,66,4.27
174,Oranjemund,NA,2022-09-12 09:02:21,-28.55,16.4333,59.54,58,42,15.14
175,Davydovo,RU,2022-09-12 09:02:22,55.6097,38.8569,51.62,60,100,9.42
176,Ginda,IN,2022-09-12 09:02:22,30.6945,78.4932,74.05,70,9,4.68
177,Bhunya,SZ,2022-09-12 09:02:23,-26.55,31.0167,63.97,73,100,6.89
178,Havre-Saint-Pierre,CA,2022-09-12 09:02:23,50.2334,-63.5986,46.76,100,100,2.3
179,Boa Vista,BR,2022-09-12 08:58:45,2.8197,-60.6733,75.18,87,75,3.44
180,Guatire,VE,2022-09-12 09:03:24,10.4762,-66.5427,70.02,96,26,2.35
181,Khorixas,NA,2022-09-12 09:03:24,-20.3667,14.9667,84.67,13,0,13.4
182,Itacoatiara,BR,2022-09-12 09:02:28,-3.1431,-58.4442,78.91,52,90,2.89
183,Taltal,CL,2022-09-12 09:00:20,-25.4,-70.4833,52.99,74,0,2.62
184,Turukhansk,RU,2022-09-12 09:03:25,65.8167,87.9833,46.42,46,100,10.65
185,Romitan,UZ,2022-09-12 09:03:25,39.9343,64.3814,75.15,20,0,13.8
186,Shetpe,KZ,2022-09-12 09:03:25,44.1667,52.1167,73.29,20,17,18.25
187,Richards Bay,ZA,2022-09-12 09:03:26,-28.783,32.0377,64.81,83,100,14.43
188,Pisco,PE,2022-09-12 09:03:26,-13.7,-76.2167,55.02,87,59,3.44
189,Hualmay,PE,2022-09-12 09:03:27,-11.0964,-77.6139,58.93,86,68,8.37
190,Saint-Georges,GD,2022-09-12 09:03:27,12.0564,-61.7485,80.94,79,10,12.44
191,Gat,IL,2022-09-12 09:03:27,31.61,34.7642,90.39,26,0,7.47
192,Kushva,RU,2022-09-12 09:03:28,58.2906,59.7592,55.04,50,78,4.03
193,Hornepayne,CA,2022-09-12 09:03:28,49.2138,-84.7705,48.99,76,96,2.01
194,Cidreira,BR,2022-09-12 09:03:28,-30.1811,-50.2056,56.93,82,30,14.32
195,Lokosovo,RU,2022-09-12 09:03:29,61.1333,74.8167,51.1,52,87,8.72
196,Muisne,EC,2022-09-12 09:03:29,0.6,-80.0333,72.77,87,100,11.45
197,Port Elizabeth,ZA,2022-09-12 09:03:29,-33.918,25.5701,61.11,68,20,21.85
198,Okhtyrka,UA,2022-09-12 09:03:30,50.3104,34.8988,67.55,35,100,3.98
199,Road Town,VG,2022-09-12 09:02:41,18.4167,-64.6167,82.67,74,9,10.38
200,Kodino,RU,2022-09-12 09:00:50,63.7198,39.6447,53.06,59,100,7.25
201,Cuamba,MZ,2022-09-12 09:03:30,-14.8031,36.5372,86.27,27,1,6.46
202,Kuruman,ZA,2022-09-12 09:03:30,-27.4524,23.4325,68.23,21,69,15.08
203,Jutai,BR,2022-09-12 09:03:31,-5.1833,-68.9,71.53,98,99,1.86
204,Torbay,CA,2022-09-12 09:03:31,47.6666,-52.7314,58.75,97,100,16.11
205,Lepe,ES,2022-09-12 09:03:31,37.2548,-7.2043,71.11,81,100,6.98
206,Rasht,IR,2022-09-12 09:03:32,37.2808,49.5832,82.22,57,40,4.61
207,Roald,NO,2022-09-12 09:03:32,62.5833,6.1333,61.16,87,20,3.44
208,Moussoro,TD,2022-09-12 09:03:32,13.6408,16.4901,90.81,47,60,12.5
209,Miajadas,ES,2022-09-12 09:03:33,39.1513,-5.9084,77.52,47,100,9.04
210,Salekhard,RU,2022-09-12 09:03:33,66.53,66.6019,48.6,58,100,10.02
211,Bambous Virieux,MU,2022-09-12 09:03:33,-20.3428,57.7575,77.22,63,3,12.55
212,Bournemouth,GB,2022-09-12 09:03:34,50.7205,-1.8795,69.71,88,0,4.61
213,Bilecik,TR,2022-09-12 09:03:34,40.0,30.1667,74.08,65,77,10.18
214,Alghero,IT,2022-09-12 09:03:34,40.5589,8.3181,82.49,57,20,3.44
215,Manacapuru,BR,2022-09-12 08:59:51,-3.2997,-60.6206,78.58,63,26,1.54
216,Sitrah,BH,2022-09-12 09:03:35,26.1547,50.6206,111.42,18,0,11.5
217,Lima,PE,2022-09-12 09:01:45,-12.0432,-77.0282,59.9,86,99,4.41
218,Aqtobe,KZ,2022-09-12 09:03:35,50.2797,57.2072,57.29,47,0,2.24
219,San Matias,BO,2022-09-12 09:03:35,-16.3667,-58.4,74.75,42,53,1.81
220,Clyde River,CA,2022-09-12 09:03:36,70.4692,-68.5914,37.63,100,100,11.5
221,Bhainsa,IN,2022-09-12 09:03:36,26.9548,76.9012,92.71,46,100,7.63
222,Saint George,US,2022-09-12 09:00:48,37.1041,-113.5841,76.95,46,0,3.44
223,Castro,BR,2022-09-12 09:03:37,-24.7911,-50.0119,52.57,98,100,3.04
224,Ornskoldsvik,SE,2022-09-12 09:03:37,63.2909,18.7153,56.35,58,0,10.36
225,Piacabucu,BR,2022-09-12 09:03:37,-10.4056,-36.4344,71.92,82,4,6.04
226,Awash,ET,2022-09-12 09:04:38,8.9833,40.1667,89.98,34,18,4.79
227,Buraydah,SA,2022-09-12 09:04:38,26.326,43.975,106.57,7,0,5.03
228,Sao Jose Da Coroa Grande,BR,2022-09-12 09:04:38,-8.8978,-35.1478,73.27,79,17,7.38
229,Haputale,LK,2022-09-12 09:04:39,6.7681,80.9595,79.18,43,35,5.3
230,Mogadishu,SO,2022-09-12 09:04:39,2.0371,45.3438,79.93,74,68,18.59
231,Geraldton,AU,2022-09-12 09:02:42,-28.7667,114.6,70.21,68,40,18.41
232,Imbituva,BR,2022-09-12 09:04:39,-25.23,-50.6044,53.4,99,100,3.27
233,Qaqortoq,GL,2022-09-12 09:04:40,60.7167,-46.0333,44.96,88,98,2.8
234,Paragominas,BR,2022-09-12 09:04:14,-2.9667,-47.4833,70.27,97,87,2.28
235,At-Bashi,KG,2022-09-12 09:04:40,41.1702,75.8106,66.07,39,69,5.14
236,Vila Franca Do Campo,PT,2022-09-12 09:04:40,37.7167,-25.4333,72.01,78,80,18.63
237,Saint-Pierre,RE,2022-09-12 09:04:41,-21.3393,55.4781,78.19,60,20,23.02
238,Port Shepstone,ZA,2022-09-12 09:04:41,-30.7414,30.455,62.71,76,100,21.07
239,Glasgow,GB,2022-09-12 09:01:17,55.8652,-4.2576,61.81,85,75,11.01
240,Hit,IQ,2022-09-12 09:04:41,33.6416,42.8251,104.32,11,0,4.59
241,Upernavik,GL,2022-09-12 09:04:42,72.7868,-56.1549,41.31,97,100,5.82
242,Mehamn,NO,2022-09-12 09:04:42,71.0357,27.8492,42.75,87,75,6.91
243,Morant Bay,JM,2022-09-12 09:04:42,17.8815,-76.4093,80.22,82,81,4.85
244,Mongagua,BR,2022-09-12 09:04:43,-24.0931,-46.6208,64.65,88,100,4.23
245,Vredendal,ZA,2022-09-12 09:04:43,-31.6683,18.5012,62.44,40,0,3.53
246,Shirwal,IN,2022-09-12 09:04:43,18.1333,73.9833,74.16,94,100,4.47
247,Santa Rosa,PH,2022-09-12 09:04:08,14.3122,121.1114,87.12,75,100,12.28
248,Podgorica,ME,2022-09-12 09:04:44,42.4411,19.2636,78.3,31,20,17.27
249,Arlit,NE,2022-09-12 09:04:44,18.7369,7.3853,96.75,9,23,3.76
250,General Roca,AR,2022-09-12 09:04:44,-39.0333,-67.5833,49.62,52,1,6.82
251,Sarkand,KZ,2022-09-12 09:04:45,45.41,79.9186,69.28,30,47,8.93
252,Gambela,ET,2022-09-12 09:04:45,8.25,34.5833,87.28,57,81,1.9
253,Vryburg,ZA,2022-09-12 09:00:58,-26.9566,24.7284,71.69,17,8,15.43
254,Marawi,PH,2022-09-12 09:04:45,7.9986,124.2928,74.26,91,67,1.63
255,Inirida,CO,2022-09-12 09:04:46,3.8653,-67.9239,72.57,98,95,1.45
256,Sao Joao Da Barra,BR,2022-09-12 09:04:46,-21.6403,-41.0511,67.86,78,100,3.74
257,Quatre Cocos,MU,2022-09-12 09:04:46,-20.2078,57.7625,77.09,62,4,13.38
258,Bonavista,CA,2022-09-12 09:04:47,48.6499,-53.1147,58.14,98,100,21.61
259,Praia,CV,2022-09-12 09:04:47,14.9215,-23.5087,78.84,77,77,13.73
260,Marystown,CA,2022-09-12 09:04:47,47.1666,-55.1483,58.1,96,100,25.03
261,Liwale,TZ,2022-09-12 09:04:48,-9.7667,37.9333,86.63,32,45,4.23
262,Leh,IN,2022-09-12 09:04:48,34.1667,77.5833,64.06,24,11,6.02
263,Maun,BW,2022-09-12 09:04:48,-19.9833,23.4167,91.49,6,0,6.35
264,Talnakh,RU,2022-09-12 09:04:49,69.4865,88.3972,35.38,98,100,11.16
265,Santa Fe,AR,2022-09-12 09:04:49,-31.6333,-60.7,49.01,75,0,1.01
266,Campana,AR,2022-09-12 09:01:19,-34.1687,-58.9591,46.11,86,37,2.28
267,Isiro,CD,2022-09-12 09:04:50,2.7739,27.616,70.16,94,100,3.98
268,Atyrau,KZ,2022-09-12 09:04:50,47.1167,51.8833,69.82,26,0,13.42
269,Baoma,CN,2022-09-12 09:04:50,31.4859,106.1128,86.29,47,1,1.72
270,Neftekumsk,RU,2022-09-12 09:04:51,44.6667,44.9167,82.85,39,42,18.52
271,Kautokeino,NO,2022-09-12 09:04:51,69.0125,23.0412,44.53,63,78,14.65
272,Labrea,BR,2022-09-12 09:04:51,-7.2586,-64.7981,73.42,84,96,1.32
273,Biograd Na Moru,HR,2022-09-12 09:04:51,43.9433,15.4519,77.76,39,0,6.46
274,Sao Filipe,CV,2022-09-12 09:04:52,14.8961,-24.4956,77.83,77,8,15.32
275,Mana,GF,2022-09-12 09:04:52,5.6592,-53.7767,76.21,88,14,3.2
276,Galle,LK,2022-09-12 09:05:53,6.0367,80.217,81.48,76,50,12.77
277,Hakkari,TR,2022-09-12 09:05:53,37.5833,44.1667,78.58,17,0,5.75
278,Cartagena,CO,2022-09-12 09:04:06,10.3997,-75.5144,78.42,83,75,4.61
279,Krasnoselkup,RU,2022-09-12 09:05:53,65.7,82.4667,41.0,93,100,13.13
280,Koungou,YT,2022-09-12 09:05:54,-12.7336,45.2042,83.91,61,75,9.22
281,Halmstad,SE,2022-09-12 09:05:54,56.6745,12.8568,62.02,82,0,4.61
282,Murdochville,CA,2022-09-12 09:05:54,48.9583,-65.5006,54.9,88,77,2.66
283,Obidos,BR,2022-09-12 09:05:54,-1.9175,-55.5181,74.61,68,2,2.8
284,Sfantu Gheorghe,RO,2022-09-12 09:05:55,45.8667,25.7833,54.27,69,99,12.84
285,Cabanas,CU,2022-09-12 09:05:55,22.9758,-82.9219,79.48,84,86,4.14
286,Itarantim,BR,2022-09-12 09:05:55,-15.6597,-40.0656,58.51,95,46,0.87
287,Meulaboh,ID,2022-09-12 09:05:56,4.1363,96.1285,83.89,68,87,9.19
288,Puerto Del Rosario,ES,2022-09-12 09:05:56,28.5004,-13.8627,76.75,73,75,8.05
289,Dingle,PH,2022-09-12 09:05:56,10.9995,122.6711,83.57,81,30,6.67
290,Patacamaya,BO,2022-09-12 09:05:57,-17.2333,-67.9167,40.66,41,38,3.04
291,Yacuiba,BO,2022-09-12 09:05:57,-22.038,-63.6797,53.42,45,86,4.34
292,Kilindoni,TZ,2022-09-12 09:05:57,-7.9139,39.6668,76.98,69,89,7.05
293,Santiago Del Estero,AR,2022-09-12 09:05:58,-27.7951,-64.2615,51.57,33,0,4.27
294,Aygeshat,AM,2022-09-12 09:05:58,40.0764,44.058,79.79,36,0,6.91
295,Touros,BR,2022-09-12 09:05:58,-5.1989,-35.4608,77.79,68,100,14.2
296,Sainte-Suzanne,RE,2022-09-12 09:05:59,-20.9061,55.6089,78.75,69,20,23.02
297,Vagur,FO,2022-09-12 09:05:59,61.4732,-6.8119,50.49,87,30,6.06
298,Bodden Town,KY,2022-09-12 09:05:59,19.2833,-81.25,83.93,87,93,4.41
299,Monrovia,LR,2022-09-12 09:06:00,6.3005,-10.7969,78.55,80,78,9.82
300,Takoradi,GH,2022-09-12 09:06:00,4.8845,-1.7554,75.78,81,100,9.15
301,Kidal,ML,2022-09-12 09:06:00,18.4411,1.4078,95.45,14,48,2.55
302,Ancud,CL,2022-09-12 09:03:37,-41.8697,-73.8203,46.22,94,90,4.23
303,Kankaanpaa,FI,2022-09-12 09:06:01,61.8,22.4167,57.96,52,67,4.18
304,Svetlogorsk,BY,2022-09-12 09:06:01,52.6333,29.7333,50.81,95,100,5.61
305,Nouadhibou,MR,2022-09-12 09:06:02,20.931,-17.0347,74.08,77,63,19.19
306,Wajir,KE,2022-09-12 09:06:02,1.7471,40.0573,88.5,32,70,17.31
307,Marsh Harbour,BS,2022-09-12 09:06:02,26.5412,-77.0636,83.19,73,12,4.41
308,Pangody,RU,2022-09-12 09:06:03,65.85,74.4859,45.95,53,94,13.06
309,Vardo,NO,2022-09-12 09:06:03,70.3705,31.1107,44.58,93,75,11.5
310,Guia De Isora,ES,2022-09-12 09:06:03,28.2115,-16.7795,76.32,84,84,2.71
311,Timmins,CA,2022-09-12 09:06:04,48.4669,-81.3331,51.62,93,75,2.3
312,Bathsheba,BB,2022-09-12 09:06:04,13.2167,-59.5167,81.21,83,40,13.8
313,Mbandaka,CD,2022-09-12 09:06:04,0.0487,18.2603,75.43,89,100,5.48
314,Selizharovo,RU,2022-09-12 09:06:05,56.8519,33.4487,46.74,92,100,8.81
315,Yuzhno-Sukhokumsk,RU,2022-09-12 09:06:05,44.6581,45.6436,81.66,41,43,21.85
316,Vuktyl,RU,2022-09-12 09:06:05,63.8567,57.3094,54.12,52,69,11.7
317,Arcachon,FR,2022-09-12 09:06:06,44.5875,-1.0519,81.41,47,0,6.91
318,Placido De Castro,BR,2022-09-12 09:06:06,-10.3353,-67.1856,74.7,86,99,1.92
319,Semnan,IR,2022-09-12 09:06:07,35.5729,53.3971,82.36,31,1,8.25
320,Kedgwick,CA,2022-09-12 09:06:07,47.6446,-67.3434,58.64,89,100,1.14
321,Morki,RU,2022-09-12 09:06:08,56.4303,48.9947,57.88,51,28,1.86
322,Port-Gentil,GA,2022-09-12 09:06:08,-0.7193,8.7815,80.56,74,100,11.5
323,Shahr-E Babak,IR,2022-09-12 09:06:08,30.1165,55.1186,85.66,18,25,2.91
324,Hambantota,LK,2022-09-12 09:07:09,6.1241,81.1185,95.34,52,40,13.8
325,Vallenar,CL,2022-09-12 09:07:09,-28.5708,-70.7581,50.58,72,0,1.3
326,Plattsburgh,US,2022-09-12 09:07:09,44.6995,-73.4529,66.42,81,100,0.0
327,Limuru,KE,2022-09-12 09:07:10,-1.1,36.65,65.64,66,61,6.35
328,Kiruna,SE,2022-09-12 09:07:10,67.8557,20.2251,47.32,71,40,5.75
329,Brae,GB,2022-09-12 09:07:10,60.3964,-1.353,55.87,97,100,8.08
330,Zhashkiv,UA,2022-09-12 09:07:11,49.2454,30.1102,55.8,72,83,11.97
331,Johnson City,US,2022-09-12 09:07:11,36.3134,-82.3535,69.17,78,100,0.0
332,Fredericton,CA,2022-09-12 09:07:11,45.9454,-66.6656,66.83,94,100,2.68
333,Presidencia Roque Saenz Pena,AR,2022-09-12 09:07:12,-26.7852,-60.4388,47.46,61,0,5.73
334,Contamana,PE,2022-09-12 09:07:12,-7.3333,-75.0167,71.4,85,64,2.71
335,Maniitsoq,GL,2022-09-12 09:07:12,65.4167,-52.9,39.78,98,100,16.35
336,Lebu,CL,2022-09-12 09:03:00,-37.6167,-73.65,45.37,80,39,3.78
337,Omboue,GA,2022-09-12 09:07:13,-1.5746,9.2618,80.08,63,88,7.27
338,Buchanan,LR,2022-09-12 09:07:13,5.8808,-10.0467,78.6,81,95,7.99
339,Mayumba,GA,2022-09-12 09:07:13,-3.432,10.6554,77.49,74,100,5.03
340,Nawabganj,BD,2022-09-12 09:07:14,24.5911,88.271,77.05,91,100,17.98
341,Yar-Sale,RU,2022-09-12 09:07:14,66.8333,70.8333,47.32,46,83,10.02
342,Troitskoye,RU,2022-09-12 09:07:14,52.9821,84.6757,49.78,94,100,12.08
343,Santa Cruz,BO,2022-09-12 09:05:43,-17.8,-63.1667,62.06,77,81,5.75
344,Sur,OM,2022-09-12 09:07:15,22.5667,59.5289,95.95,40,95,7.52
345,Zhezkazgan,KZ,2022-09-12 09:07:15,47.8043,67.7144,58.98,36,75,11.18
346,Mecca,SA,2022-09-12 09:07:16,21.4267,39.8261,101.26,33,28,10.83
347,Puerto Rondon,CO,2022-09-12 09:07:16,6.2805,-71.1,72.45,91,18,1.99
348,Pafos,CY,2022-09-12 09:07:16,34.7667,32.4167,83.98,70,20,5.75
349,Manati,PR,2022-09-12 09:07:16,18.4275,-66.4921,77.86,95,0,4.38
350,Oswego,US,2022-09-12 09:05:11,43.4501,-76.1497,66.34,97,97,6.55
351,Coquimbo,CL,2022-09-12 09:07:17,-29.9533,-71.3436,46.13,81,0,4.61
352,Chicama,PE,2022-09-12 09:07:17,-7.8447,-79.1469,57.74,88,95,4.43
353,Murud,IN,2022-09-12 09:07:18,18.3258,72.965,79.86,91,100,15.03
354,Najran,SA,2022-09-12 09:07:18,17.4924,44.1277,93.65,14,43,14.52
355,Liverpool,GB,2022-09-12 09:07:18,53.4106,-2.9779,66.15,94,75,12.66
356,Raudeberg,NO,2022-09-12 09:07:19,61.9875,5.1352,54.86,1,100,8.16
357,Petropavl,KZ,2022-09-12 09:07:19,54.8753,69.1628,57.18,54,75,6.71
358,Bundu,IN,2022-09-12 09:07:20,23.1833,85.5833,79.02,82,100,5.91
359,Thunder Bay,CA,2022-09-12 09:05:44,48.4001,-89.3168,50.23,68,97,5.5
360,Shihezi,CN,2022-09-12 09:07:20,44.3,86.0333,61.54,48,100,8.05
361,Lubango,AO,2022-09-12 09:07:20,-14.9172,13.4925,78.28,16,52,12.82
362,Yaguajay,CU,2022-09-12 09:07:21,22.3272,-79.2378,78.35,88,3,4.74
363,Bahia Honda,CU,2022-09-12 09:06:09,22.9036,-83.1592,79.79,82,100,3.53
364,Valparaiso,CL,2022-09-12 09:07:21,-33.0393,-71.6273,51.48,100,0,2.3
365,Moron,AR,2022-09-12 09:06:35,-34.6534,-58.6198,55.15,82,58,0.58
366,Kamenka,RU,2022-09-12 09:07:21,51.3223,42.7678,64.51,31,100,17.45
367,Matagami,CA,2022-09-12 09:07:22,49.7502,-77.6328,51.91,93,100,3.44
368,Kulunda,RU,2022-09-12 09:07:22,52.566,78.9385,55.89,50,99,11.9
369,Otavalo,EC,2022-09-12 09:07:22,0.2333,-78.2667,50.22,80,27,3.65
370,Opuwo,NA,2022-09-12 09:07:23,-18.0607,13.84,87.48,9,0,22.55
371,Mount Pleasant,US,2022-09-12 09:06:35,32.7941,-79.8626,77.99,95,0,1.99
372,Birao,CF,2022-09-12 09:08:23,10.2849,22.7882,80.06,78,100,6.46
373,Rodez,FR,2022-09-12 09:08:24,44.5,2.5833,81.03,41,0,9.22
374,Sambava,MG,2022-09-12 09:08:24,-14.2667,50.1667,76.5,58,51,13.51
375,Onega,RU,2022-09-12 09:08:24,63.9061,38.1404,53.47,66,100,8.43
376,Ortigueira,BR,2022-09-12 09:03:33,-24.2083,-50.9494,55.69,97,78,2.8
377,Nokaneng,BW,2022-09-12 09:08:25,-19.6667,22.2667,90.55,7,0,6.17
378,Kushmurun,KZ,2022-09-12 09:08:25,52.4503,64.6311,59.32,39,37,3.8
379,Waddan,LY,2022-09-12 09:08:26,29.1614,16.139,93.49,20,0,9.24
380,Laranjeiras Do Sul,BR,2022-09-12 09:08:26,-25.4078,-52.4161,57.88,98,99,2.42
381,Vestmannaeyjar,IS,2022-09-12 09:08:26,63.4427,-20.2734,50.99,81,40,5.75
382,Chingola,ZM,2022-09-12 09:08:27,-12.529,27.8838,84.47,21,1,5.84
383,Karakol,KG,2022-09-12 09:08:27,42.4907,78.3936,58.41,55,97,10.89
384,Pampas,PE,2022-09-12 09:08:27,-12.4,-74.9,49.86,86,98,2.82
385,Bonthe,SL,2022-09-12 09:08:27,7.5264,-12.505,77.99,85,88,9.98
386,Shiraz,IR,2022-09-12 09:08:28,29.6036,52.5388,90.84,16,0,0.0
387,Tarko-Sale,RU,2022-09-12 09:08:28,64.9225,77.785,44.19,87,100,12.15
388,Amapa,BR,2022-09-12 09:08:29,1.0,-52.0,68.54,99,15,1.79
389,Dabrowa Tarnowska,PL,2022-09-12 09:08:29,50.1746,20.9863,58.87,51,7,15.55
390,Melilla,ES,2022-09-12 09:08:30,35.2937,-2.9383,79.18,89,75,10.36
391,Antalaha,MG,2022-09-12 09:08:30,-14.9003,50.2788,77.11,57,77,12.28
392,Warren,US,2022-09-12 09:08:30,39.4334,-84.1666,64.38,94,100,6.91
393,Mozarlandia,BR,2022-09-12 09:08:31,-14.7447,-50.5706,78.4,25,26,1.07
394,Bhimavaram,IN,2022-09-12 09:08:31,16.5333,81.5333,84.22,77,97,11.7
395,Kisangani,CD,2022-09-12 09:08:31,0.5167,25.2,79.97,69,79,4.21
396,Guaruja,BR,2022-09-12 09:08:32,-23.9931,-46.2564,64.89,26,98,2.17
397,Taquari,BR,2022-09-12 09:05:11,-29.7997,-51.8644,53.33,85,87,1.3
398,Lahij,YE,2022-09-12 09:08:32,13.1667,44.5833,95.23,33,42,5.28
399,Cururupu,BR,2022-09-12 09:08:32,-1.8283,-44.8683,78.19,78,84,6.46
400,Tignere,CM,2022-09-12 09:08:33,7.3667,12.65,66.79,93,98,4.03
401,Bubaque,GW,2022-09-12 09:08:33,11.2833,-15.8333,79.57,79,99,9.89
402,Msowero,TZ,2022-09-12 09:08:33,-6.5333,37.2,84.45,39,85,4.14
403,Upata,VE,2022-09-12 09:08:34,8.0086,-62.3989,74.19,97,99,2.51
404,Hobyo,SO,2022-09-12 09:08:34,5.3505,48.5268,83.26,65,61,26.13
405,Mapiripan,CO,2022-09-12 09:08:34,2.8892,-72.1256,70.68,94,29,1.16
406,Artyom,AZ,2022-09-12 09:06:46,40.4723,50.333,80.74,54,0,22.41
407,Jind,IN,2022-09-12 09:08:35,29.3167,76.3167,98.13,33,41,4.59
408,Rocha,UY,2022-09-12 09:08:35,-34.4833,-54.3333,43.63,94,69,2.59
409,Utete,TZ,2022-09-12 09:08:36,-7.986,38.758,89.49,34,100,3.96
410,Imbituba,BR,2022-09-12 09:08:36,-28.24,-48.6703,61.86,92,100,11.16
411,Zyryanskoye,RU,2022-09-12 09:08:36,56.8306,86.6258,44.06,83,100,8.01
412,Gazojak,TM,2022-09-12 09:08:36,41.1875,61.4036,72.0,23,1,10.94
413,Lumeje,AO,2022-09-12 09:08:37,-11.55,20.7833,89.46,11,0,1.48
414,Lydenburg,ZA,2022-09-12 09:08:37,-25.0978,30.4597,79.61,17,0,4.47
415,Saint-Michel-Des-Saints,CA,2022-09-12 09:09:37,46.6834,-73.9159,58.93,96,98,1.05
416,Inongo,CD,2022-09-12 09:09:38,-1.95,18.2667,73.27,80,100,3.09
417,Cejkovice,CZ,2022-09-12 09:09:38,48.9059,16.9423,66.22,68,73,4.88
418,Salinopolis,BR,2022-09-12 09:09:38,-0.6136,-47.3561,77.88,85,4,7.83
419,Oistins,BB,2022-09-12 09:09:39,13.0667,-59.5333,80.69,83,40,13.8
420,Makaryev,RU,2022-09-12 09:09:39,57.8797,43.8069,56.35,47,100,3.6
421,Dieppe,FR,2022-09-12 09:09:39,49.75,1.1667,73.33,83,51,1.01
422,San Carlos De Bariloche,AR,2022-09-12 09:08:43,-41.1456,-71.3082,41.02,78,100,4.29
423,Diego De Almagro,CL,2022-09-12 09:09:40,-26.3667,-70.05,46.54,58,0,1.05
424,Ivanteyevka,RU,2022-09-12 09:09:40,55.9711,37.9208,55.35,69,100,9.73
425,Alakurtti,RU,2022-09-12 09:09:40,66.9672,30.3491,46.96,94,100,4.12
426,Eden,US,2022-09-12 09:09:41,36.4885,-79.7667,73.47,100,100,0.0
427,Bystryy Istok,RU,2022-09-12 09:09:41,52.371,84.3873,51.49,83,100,21.99
428,Bugarama,TZ,2022-09-12 09:09:41,-2.8706,30.5281,80.64,40,100,4.43
429,Tacoronte,ES,2022-09-12 09:09:42,28.4769,-16.4102,76.46,71,20,8.05
430,Sol-Iletsk,RU,2022-09-12 09:09:42,51.1631,54.9918,60.48,37,100,2.1
431,Washington,US,2022-09-12 09:06:53,47.5001,-120.5015,66.92,53,63,4.45
432,Bam,IR,2022-09-12 09:09:42,29.106,58.357,94.57,12,4,18.1
433,Dutlwe,BW,2022-09-12 09:09:43,-23.9833,23.9,83.32,11,0,12.68
434,Abomsa,ET,2022-09-12 09:09:43,9.9833,39.9833,85.6,37,54,7.99
435,Novopskov,UA,2022-09-12 09:09:43,49.5464,39.0899,56.95,85,100,15.3
436,Mende,FR,2022-09-12 09:09:44,44.6667,3.5,73.36,36,20,2.93
437,Iguape,BR,2022-09-12 09:09:44,-24.7081,-47.5553,63.0,77,99,6.44
438,Bentiu,SS,2022-09-12 09:09:45,9.2333,29.8333,85.73,62,91,5.93
439,Nemours,FR,2022-09-12 09:09:45,48.2751,2.6908,72.55,51,94,6.73
440,Anaco,VE,2022-09-12 09:09:45,9.4389,-64.4728,71.65,95,91,5.32
441,Lyubokhna,RU,2022-09-12 09:09:46,53.5033,34.3885,55.29,73,100,10.22
442,Elkhart,US,2022-09-12 09:08:35,41.5823,-85.8344,58.37,88,100,9.22
443,Niquelandia,BR,2022-09-12 09:05:10,-14.4739,-48.4597,74.59,26,51,2.51
444,Cacheu,GW,2022-09-12 09:07:10,12.2706,-16.1658,78.46,86,99,4.34
445,Erzincan,TR,2022-09-12 09:09:46,39.75,39.5,79.9,28,0,1.14
446,Mattru,SL,2022-09-12 09:09:47,7.6244,-11.8332,75.85,93,100,3.04
447,Nizhniy Odes,RU,2022-09-12 09:09:47,63.6445,54.856,53.6,57,71,10.02
448,Marica,BR,2022-09-12 09:09:47,-22.9194,-42.8186,66.11,84,100,7.0
449,Ginir,ET,2022-09-12 09:09:47,7.1333,40.7,72.61,48,55,8.19
450,Lucapa,AO,2022-09-12 09:09:48,-8.4192,20.7447,86.83,41,9,4.36
451,Cubuk,TR,2022-09-12 09:09:48,40.2386,33.0322,80.06,34,40,2.3
452,Kourou,GF,2022-09-12 09:09:48,5.1552,-52.6478,71.65,90,9,3.0
453,Berdsk,RU,2022-09-12 09:09:49,54.7551,83.0967,47.8,82,100,14.05
454,Abu Kamal,SY,2022-09-12 09:09:49,34.4506,40.9171,98.1,16,0,6.89
455,Verkhnyaya Inta,RU,2022-09-12 09:09:49,65.9811,60.3094,46.98,86,100,17.38
456,Tromso,NO,2022-09-12 09:09:50,69.6496,18.957,46.42,66,75,11.5
457,Thinadhoo,MV,2022-09-12 09:09:50,0.5333,72.9333,82.53,70,2,11.95
458,Albanel,CA,2022-09-12 09:10:50,48.8832,-72.4487,60.78,94,99,6.91
459,Dwarka,IN,2022-09-12 09:10:51,22.2394,68.9678,85.68,74,85,15.97
460,Zlobin,HR,2022-09-12 09:10:51,45.2924,14.6541,70.16,46,20,4.61
461,Pietersburg,ZA,2022-09-12 09:10:51,-23.9045,29.4688,81.45,17,0,12.66
462,Grand Gaube,MU,2022-09-12 09:10:52,-20.0064,57.6608,77.4,57,1,10.0
463,Adrar,MR,2022-09-12 09:10:52,20.5022,-10.0711,92.73,33,8,9.53
464,Plettenberg Bay,ZA,2022-09-12 09:10:52,-34.0527,23.3716,59.22,53,15,10.33
465,Hamilton,US,2022-09-12 09:10:53,39.1834,-84.5333,65.03,94,100,10.36
466,Hofn,IS,2022-09-12 09:10:53,64.2539,-15.2082,50.02,81,75,4.61
467,Taywarah,AF,2022-09-12 09:10:53,33.35,64.4167,71.29,10,0,14.14
468,Umea,SE,2022-09-12 09:10:54,63.8284,20.2597,55.33,82,0,3.44
469,Neuquen,AR,2022-09-12 09:10:54,-38.9516,-68.0591,48.09,53,0,6.91
470,Log,RU,2022-09-12 09:10:54,49.4844,43.8613,64.0,31,100,20.22
471,Santa Cruz Cabralia,BR,2022-09-12 09:10:55,-16.2781,-39.0247,62.83,94,0,3.44
472,Bedesa,ET,2022-09-12 09:10:55,8.9,40.7833,74.21,58,79,6.46
473,Xenia,US,2022-09-12 09:10:55,39.6848,-83.9296,63.34,84,100,5.75
474,Mitu,CO,2022-09-12 09:10:56,1.1983,-70.1733,69.69,97,43,0.27
475,Rock Sound,BS,2022-09-12 09:10:10,24.9,-76.2,83.16,74,19,6.8
476,Novyy Urengoy,RU,2022-09-12 09:10:56,66.0833,76.6333,47.19,50,92,16.11
477,Corinto,GR,2022-09-12 09:10:56,37.9407,22.9573,83.89,43,0,6.89
478,Kharod,IN,2022-09-12 09:10:57,21.75,82.5667,77.22,91,100,10.89
479,Tessalit,ML,2022-09-12 09:10:57,20.1986,1.0114,97.38,9,57,6.26
480,Nirsa,IN,2022-09-12 09:10:57,23.7833,86.7167,76.66,93,100,10.94
481,Radaur,IN,2022-09-12 09:10:57,30.0333,77.15,97.39,37,3,6.2
482,Rio Gallegos,AR,2022-09-12 09:10:58,-51.6226,-69.2181,28.45,74,0,10.36
483,Mantua,IT,2022-09-12 09:10:58,45.1667,10.7833,77.09,70,1,5.01
484,Ville-Marie,CA,2022-09-12 09:10:58,47.3335,-79.433,57.11,98,88,3.62
485,Kasempa,ZM,2022-09-12 09:10:59,-13.4584,25.8338,88.23,15,0,5.41
486,Kurchum,KZ,2022-09-12 09:10:59,48.5722,83.6542,68.32,26,43,10.04
487,Mandera,KE,2022-09-12 09:10:59,3.9366,41.867,92.59,29,62,15.82
488,Mangai,CD,2022-09-12 09:11:00,-4.05,19.5333,75.49,78,99,3.8
489,Coruripe,BR,2022-09-12 09:08:07,-10.1256,-36.1756,71.91,82,2,6.55
490,Huarmey,PE,2022-09-12 09:11:00,-10.0681,-78.1522,59.86,87,42,6.98
491,Angoche,MZ,2022-09-12 09:11:01,-16.2325,39.9086,82.4,51,0,10.09
492,Viedma,AR,2022-09-12 09:11:01,-40.8135,-62.9967,46.71,78,0,10.16
493,Beisfjord,NO,2022-09-12 09:11:01,68.3751,17.5988,52.05,91,100,1.92
494,Nampula,MZ,2022-09-12 09:11:02,-15.1165,39.2666,87.51,24,2,8.68
495,Solwezi,ZM,2022-09-12 09:11:02,-12.1688,26.3894,84.65,21,1,5.88
496,Kavaratti,IN,2022-09-12 09:11:02,10.5669,72.642,80.64,83,99,18.57
497,Paamiut,GL,2022-09-12 09:11:03,61.994,-49.6678,42.78,89,100,2.48
498,Panama City,PA,2022-09-12 09:11:03,8.9936,-79.5197,78.17,91,75,2.3
499,Villamontes,BO,2022-09-12 09:11:03,-21.25,-63.5,60.4,35,42,3.29
500,Tevriz,RU,2022-09-12 09:11:04,57.509,72.4042,51.57,55,70,4.68
501,Nuoro,IT,2022-09-12 09:11:04,40.3211,9.3297,82.44,29,5,2.15
502,Mutengene,CM,2022-09-12 09:11:04,4.0913,9.3144,79.41,75,51,2.37
503,Surt,LY,2022-09-12 09:11:04,31.2089,16.5887,84.99,58,0,9.95
504,The Valley,AI,2022-09-12 09:11:05,18.217,-63.0578,82.81,77,13,10.02
505,Vasudevanallur,IN,2022-09-12 09:11:05,9.2333,77.4167,88.63,53,92,13.44
506,Macenta,GN,2022-09-12 09:12:05,8.5435,-9.471,70.84,96,100,1.36
507,Miraflores,MX,2022-09-12 09:12:06,19.2167,-98.8083,59.97,91,98,4.34
508,Ouesso,CG,2022-09-12 09:12:06,1.6136,16.0517,79.92,71,98,5.57
509,Joshimath,IN,2022-09-12 09:12:06,30.5667,79.5667,74.86,77,55,6.85
510,Margate,GB,2022-09-12 09:09:45,51.3813,1.3862,71.69,78,92,1.01
511,Novi Sanzhary,UA,2022-09-12 09:12:07,49.3439,34.3108,68.94,49,66,5.26
512,Cockburn Town,TC,2022-09-12 09:12:07,21.4612,-71.1419,82.9,72,2,8.57
513,Beira,MZ,2022-09-12 09:12:07,-19.8436,34.8389,83.37,49,0,7.43
514,Fomboni,KM,2022-09-12 09:12:08,-12.28,43.7425,75.4,71,100,1.32
515,Manoel Urbano,BR,2022-09-12 09:12:08,-8.8389,-69.2597,70.59,98,49,2.59
516,Cascais,PT,2022-09-12 09:12:08,38.6979,-9.4215,72.52,86,75,20.0
517,Jizan,SA,2022-09-12 09:12:09,17.3333,42.6667,99.95,41,7,9.31
518,Inta,RU,2022-09-12 09:12:09,66.0317,60.1659,47.19,86,100,18.21
519,Lanivtsi,UA,2022-09-12 09:10:18,49.8633,26.0908,48.67,93,100,14.45
520,Juba,SS,2022-09-12 09:12:09,4.8517,31.5825,88.41,53,65,1.79
521,Arrifes,PT,2022-09-12 09:12:10,37.7667,-25.7,70.05,78,40,10.36
522,Urumqi,CN,2022-09-12 09:12:10,43.801,87.6005,54.55,88,100,4.47
523,Puerto Madryn,AR,2022-09-12 09:10:52,-42.7692,-65.0385,50.2,63,38,10.92
524,Guarapari,BR,2022-09-12 09:12:10,-20.6667,-40.4975,67.89,87,100,3.31
525,Bridgend,GB,2022-09-12 09:12:11,51.5058,-3.5772,69.06,88,100,5.01
526,Tarrega,ES,2022-09-12 09:12:11,41.647,1.1396,79.14,53,84,4.14
527,Pyatigorskiy,RU,2022-09-12 09:12:11,43.9742,43.2583,71.47,39,1,8.81
528,Manto,HN,2022-09-12 09:12:12,14.9167,-86.3833,67.14,98,85,1.07
529,Ponta Delgada,PT,2022-09-12 09:12:12,37.7333,-25.6667,72.32,78,40,10.36
530,Xuddur,SO,2022-09-12 09:12:12,4.1213,43.8894,89.58,32,37,20.15
531,Bafq,IR,2022-09-12 09:12:13,31.6128,55.4107,93.49,14,6,9.82
532,Ouadda,CF,2022-09-12 09:12:13,8.0777,22.4007,73.06,87,100,3.69
533,Saint-Honore,CA,2022-09-12 09:12:13,48.5334,-71.0824,59.29,94,100,2.46
534,Gornyy,RU,2022-09-12 09:12:14,55.1153,83.9059,42.46,86,100,12.57
535,Kobryn,BY,2022-09-12 09:12:14,52.2138,24.3564,51.75,96,100,12.48
536,Aripuana,BR,2022-09-12 09:12:14,-9.1667,-60.6333,73.06,66,52,0.56
537,Isabela,PH,2022-09-12 09:12:15,6.7085,121.9711,82.47,77,69,0.43
538,Lakki Marwat,PK,2022-09-12 09:12:15,32.6079,70.9114,94.78,40,11,3.0
539,Watsa,CD,2022-09-12 09:12:15,3.0372,29.5355,76.24,74,71,5.19
540,Cayenne,GF,2022-09-12 09:12:16,4.9333,-52.3333,71.64,100,75,0.0
541,Puerto Suarez,BO,2022-09-12 09:12:16,-18.95,-57.8,71.46,49,43,1.05
542,Bata,GQ,2022-09-12 09:12:16,1.8639,9.7658,79.65,74,65,9.78
543,Pilikwe,BW,2022-09-12 09:12:17,-22.799,27.1938,86.65,8,0,8.41
544,Kashi,CN,2022-09-12 09:12:17,39.4547,75.9797,89.44,11,0,4.74
545,Puerto Carreno,CO,2022-09-12 09:12:17,6.189,-67.4859,74.12,92,100,3.85
546,Santiago,CL,2022-09-12 09:08:59,-33.4569,-70.6483,46.85,84,0,2.3
547,Karonga,MW,2022-09-12 09:12:18,-9.9333,33.9333,80.87,52,8,9.8
548,Katsina,NG,2022-09-12 09:12:18,12.9894,7.6006,81.99,65,40,10.29
549,Fernandina Beach,US,2022-09-12 09:11:38,30.6697,-81.4626,75.96,95,92,6.15
550,Maicao,CO,2022-09-12 09:12:18,11.3832,-72.2432,78.89,86,88,4.5
551,Labytnangi,RU,2022-09-12 09:12:19,66.6572,66.4183,48.15,57,99,10.54
552,Agirish,RU,2022-09-12 09:12:19,61.9247,63.0231,55.36,49,66,8.39
553,Wloszczowa,PL,2022-09-12 09:13:19,50.8526,19.9659,58.66,54,0,13.53
554,Pachino,IT,2022-09-12 09:13:20,36.7186,15.0907,80.55,58,0,10.45
555,Sinnamary,GF,2022-09-12 09:13:20,5.3833,-52.95,76.87,85,15,4.7
556,Kalmar,SE,2022-09-12 09:13:20,56.6616,16.3616,64.15,83,40,3.0
557,Puerto Maldonado,PE,2022-09-12 09:13:21,-12.6,-69.1833,70.92,81,79,2.19
558,Kouroussa,GN,2022-09-12 09:13:21,10.65,-9.8833,74.32,91,91,5.14
559,Marquette,US,2022-09-12 09:13:21,46.5333,-87.6335,58.82,82,100,10.76
560,Novo Aripuana,BR,2022-09-12 09:13:22,-5.1206,-60.3797,74.5,59,2,1.01
561,Bimbo,CF,2022-09-12 09:13:22,4.2567,18.4158,77.52,79,100,3.83
562,Mazagao,BR,2022-09-12 09:13:22,-0.115,-51.2894,77.05,97,10,3.65
563,Robertsport,LR,2022-09-12 09:13:23,6.7533,-11.3686,77.76,84,95,11.97
564,Monopoli,IT,2022-09-12 09:13:23,40.9559,17.2896,81.05,48,0,21.79
565,Dunda,TZ,2022-09-12 09:13:23,-8.1167,34.25,85.28,31,77,5.88
566,Reitz,ZA,2022-09-12 09:13:24,-27.8014,28.4273,70.84,24,92,2.39
567,Areal,BR,2022-09-12 09:13:24,-22.2306,-43.1056,61.52,96,100,1.14
568,Mulatupo,PA,2022-09-12 09:13:24,8.9492,-77.7652,75.88,92,96,5.44
569,Cozumel,MX,2022-09-12 09:10:02,20.5083,-86.9458,76.95,96,99,5.57
570,Saint-Francois,FR,2022-09-12 09:13:25,46.4154,3.9054,71.67,60,0,3.44
571,Araguaina,BR,2022-09-12 09:10:34,-7.1911,-48.2072,74.34,42,42,3.18
572,Bilma,NE,2022-09-12 09:13:25,18.6853,12.9164,97.68,11,0,9.6
573,Quelimane,MZ,2022-09-12 09:13:25,-17.8786,36.8883,88.3,33,0,9.31
574,Lasa,IT,2022-09-12 09:13:26,46.6166,10.7002,63.48,24,2,2.28
575,Shirvan,AZ,2022-09-12 09:13:26,39.9509,48.8994,82.45,42,67,12.3
576,Port Hawkesbury,CA,2022-09-12 09:13:26,45.6169,-61.3485,63.79,91,0,10.0
577,Hurghada,EG,2022-09-12 09:13:27,27.2574,33.8129,93.9,31,0,20.27
578,West Bay,KY,2022-09-12 09:13:27,19.3667,-81.4167,84.0,87,84,1.01
579,Krasnyy Oktyabr,RU,2022-09-12 09:13:27,56.1167,38.8833,52.68,60,100,7.63
580,Kungalv,SE,2022-09-12 09:13:28,57.871,11.9805,63.18,85,100,8.16
